review,sentiment
"Excellent value for money. Even though the battery drains quickly, the camera captures sharp photos. It works very well for me.",positive
"I am very happy with this phone; charging is fast and consistent, and the phone stays cool during use. It works very well for me.",positive
"Overall I regret buying this phone; the camera quality is weak indoors, and call quality drops often. An unreliable phone overall.",negative
"Overall I regret buying this phone. Although the phone stays cool during use, the battery drains quickly. Not worth the price.",negative
"This phone did not meet expectations. Even though the phone stays cool during use, the software has frequent bugs. I would not buy it again.",negative
"This phone did not meet expectations; the phone overheats during use, and the battery drains quickly. An unreliable phone overall.",negative
"I highly recommend this device. But the display looks dull, the display is bright and vibrant. I am happy with this purchase.",positive
"Great experience so far. Although the camera quality is weak indoors, the display is bright and vibrant. A dependable phone overall.",positive
"Poor value for money. While the phone stays cool during use, call quality drops often. Not worth the price.",negative
"Bad experience so far; call quality drops often, and the phone overheats during use. Not worth the price.",negative
"I would not recommend this device; the battery drains quickly, and the phone overheats during use. An unreliable phone overall.",negative
"I am disappointed with this phone; performance feels laggy, and the camera quality is weak indoors. I would not buy it again.",negative
"Frustrating phone for daily use; the software has frequent bugs, and performance feels laggy. I would not buy it again.",negative
"This phone exceeded my expectations. While the phone overheats during use, the phone stays cool during use. A dependable phone overall.",positive
"This phone exceeded my expectations. But the camera quality is weak indoors, the camera captures sharp photos. A dependable phone overall.",positive
"Excellent value for money. Even though the phone overheats during use, the camera captures sharp photos. It works very well for me.",positive
"Overall I am satisfied with this phone. But charging is very slow, the phone stays cool during use. A dependable phone overall.",positive
"This phone exceeded my expectations; call quality is clear, and the display is bright and vibrant. It works very well for me.",positive
"Fantastic phone for daily use; the phone stays cool during use, and call quality is clear. Worth the price.",positive
"Bad experience so far. Even though the phone stays cool during use, the display looks dull. Not worth the price.",negative
"Frustrating phone for daily use. Even though the software feels polished, performance feels laggy. It does not work well for me.",negative
"This phone exceeded my expectations. Even though call quality drops often, the battery lasts all day. I would buy it again.",positive
"Fantastic phone for daily use; call quality is clear, and the battery lasts all day. A dependable phone overall.",positive
"I would not recommend this device. But call quality is clear, the camera quality is weak indoors. It does not work well for me.",negative
"Great experience so far; the camera captures sharp photos, and the display is bright and vibrant. It works very well for me.",positive
"I am disappointed with this phone; the camera quality is weak indoors, and the phone overheats during use. I am unhappy with this purchase.",negative
"Overall I regret buying this phone. Although charging is fast and consistent, the phone overheats during use. Not worth the price.",negative
"I am very happy with this phone; the battery lasts all day, and the display is bright and vibrant. A dependable phone overall.",positive
"Frustrating phone for daily use. But charging is fast and consistent, the software has frequent bugs. I would not buy it again.",negative
"Overall I regret buying this phone; charging is very slow, and the phone overheats during use. It does not work well for me.",negative
"Poor value for money; the battery drains quickly, and the camera quality is weak indoors. I would not buy it again.",negative
"I am very happy with this phone. Although the battery drains quickly, call quality is clear. A dependable phone overall.",positive
"Bad experience so far. While the display is bright and vibrant, the software has frequent bugs. An unreliable phone overall.",negative
"Great experience so far; the phone stays cool during use, and the software feels polished. A dependable phone overall.",positive
"Fantastic phone for daily use. While call quality drops often, call quality is clear. Worth the price.",positive
"Fantastic phone for daily use. Even though call quality drops often, the phone stays cool during use. I would buy it again.",positive
"I highly recommend this device. Even though call quality drops often, the battery lasts all day. I am happy with this purchase.",positive
"This phone did not meet expectations; the battery drains quickly, and call quality drops often. I am unhappy with this purchase.",negative
"Great experience so far; the camera captures sharp photos, and the software feels polished. I would buy it again.",positive
"I am very happy with this phone; the battery lasts all day, and the display is bright and vibrant. A dependable phone overall.",positive
"Frustrating phone for daily use. Even though performance is smooth with many apps, the display looks dull. I would not buy it again.",negative
"Overall I am satisfied with this phone. While performance feels laggy, performance is smooth with many apps. Worth the price.",positive
"Bad experience so far; charging is very slow, and the camera quality is weak indoors. An unreliable phone overall.",negative
"Overall I am satisfied with this phone; the battery lasts all day, and call quality is clear. I am happy with this purchase.",positive
"I am very happy with this phone. But charging is very slow, the camera captures sharp photos. A dependable phone overall.",positive
"I would not recommend this device; the phone overheats during use, and the battery drains quickly. I would not buy it again.",negative
"Excellent value for money; the software feels polished, and performance is smooth with many apps. I would buy it again.",positive
"Great experience so far. While the camera quality is weak indoors, the camera captures sharp photos. Worth the price.",positive
"Overall I am satisfied with this phone; the camera captures sharp photos, and charging is fast and consistent. I am happy with this purchase.",positive
"Great experience so far; the battery lasts all day, and the software feels polished. Worth the price.",positive
"I am disappointed with this phone; the battery drains quickly, and the camera quality is weak indoors. Not worth the price.",negative
"This phone exceeded my expectations; the display is bright and vibrant, and the phone stays cool during use. It works very well for me.",positive
"Overall I am satisfied with this phone; charging is fast and consistent, and the display is bright and vibrant. I would buy it again.",positive
"I would not recommend this device; performance feels laggy, and the phone overheats during use. It does not work well for me.",negative
"Frustrating phone for daily use. Although charging is fast and consistent, charging is very slow. I would not buy it again.",negative
"Great experience so far; the software feels polished, and the display is bright and vibrant. I would buy it again.",positive
"I am very happy with this phone. Although the software has frequent bugs, call quality is clear. Worth the price.",positive
"Poor value for money; performance feels laggy, and the phone overheats during use. Not worth the price.",negative
"Frustrating phone for daily use; the display looks dull, and charging is very slow. I am unhappy with this purchase.",negative
"Overall I regret buying this phone; the software has frequent bugs, and the display looks dull. Not worth the price.",negative
"Great experience so far; the phone stays cool during use, and the camera captures sharp photos. It works very well for me.",positive
"Bad experience so far. Although the camera captures sharp photos, the phone overheats during use. Not worth the price.",negative
"This phone exceeded my expectations; call quality is clear, and the software feels polished. I am happy with this purchase.",positive
"Poor value for money; performance feels laggy, and the display looks dull. Not worth the price.",negative
"I highly recommend this device. While performance feels laggy, charging is fast and consistent. Worth the price.",positive
"Overall I am satisfied with this phone. Even though the phone overheats during use, the camera captures sharp photos. It works very well for me.",positive
"Poor value for money; call quality drops often, and charging is very slow. I would not buy it again.",negative
"This phone exceeded my expectations; the display is bright and vibrant, and charging is fast and consistent. A dependable phone overall.",positive
"This phone exceeded my expectations; the battery lasts all day, and the display is bright and vibrant. A dependable phone overall.",positive
"Bad experience so far. Even though the software feels polished, performance feels laggy. Not worth the price.",negative
"Poor value for money. But the software feels polished, call quality drops often. I would not buy it again.",negative
"I am very happy with this phone; call quality is clear, and the phone stays cool during use. A dependable phone overall.",positive
"This phone exceeded my expectations; call quality is clear, and the software feels polished. It works very well for me.",positive
"I highly recommend this device; the camera captures sharp photos, and charging is fast and consistent. A dependable phone overall.",positive
"I would not recommend this device; the camera quality is weak indoors, and the phone overheats during use. I would not buy it again.",negative
"Bad experience so far; call quality drops often, and charging is very slow. An unreliable phone overall.",negative
"Bad experience so far. While the battery lasts all day, the software has frequent bugs. I would not buy it again.",negative
"This phone did not meet expectations; performance feels laggy, and the camera quality is weak indoors. Not worth the price.",negative
"Frustrating phone for daily use. Even though performance is smooth with many apps, charging is very slow. Not worth the price.",negative
"Poor value for money; the display looks dull, and performance feels laggy. Not worth the price.",negative
"Bad experience so far. Even though call quality is clear, the camera quality is weak indoors. I am unhappy with this purchase.",negative
"Overall I am satisfied with this phone; the camera captures sharp photos, and the battery lasts all day. A dependable phone overall.",positive
"I would not recommend this device; the battery drains quickly, and the display looks dull. Not worth the price.",negative
"Frustrating phone for daily use. While performance is smooth with many apps, performance feels laggy. I would not buy it again.",negative
"This phone exceeded my expectations; the phone stays cool during use, and performance is smooth with many apps. A dependable phone overall.",positive
"This phone did not meet expectations; the phone overheats during use, and performance feels laggy. Not worth the price.",negative
"Overall I regret buying this phone; charging is very slow, and the software has frequent bugs. Not worth the price.",negative
"Frustrating phone for daily use; performance feels laggy, and the display looks dull. I am unhappy with this purchase.",negative
"Excellent value for money; the display is bright and vibrant, and performance is smooth with many apps. I would buy it again.",positive
"Fantastic phone for daily use. While the software has frequent bugs, the phone stays cool during use. I would buy it again.",positive
"I am very happy with this phone; charging is fast and consistent, and the battery lasts all day. A dependable phone overall.",positive
"Poor value for money; the software has frequent bugs, and the battery drains quickly. It does not work well for me.",negative
"Poor value for money; the software has frequent bugs, and the phone overheats during use. An unreliable phone overall.",negative
"Overall I regret buying this phone; the software has frequent bugs, and the phone overheats during use. An unreliable phone overall.",negative
"This phone did not meet expectations. Although performance is smooth with many apps, the battery drains quickly. An unreliable phone overall.",negative
"Fantastic phone for daily use; the camera captures sharp photos, and the battery lasts all day. A dependable phone overall.",positive
"Great experience so far; the software feels polished, and the phone stays cool during use. I would buy it again.",positive
"I highly recommend this device; the battery lasts all day, and charging is fast and consistent. I would buy it again.",positive
"Excellent value for money; the battery lasts all day, and the software feels polished. I am happy with this purchase.",positive
"Fantastic phone for daily use; the display is bright and vibrant, and the phone stays cool during use. Worth the price.",positive
"Frustrating phone for daily use; the software has frequent bugs, and call quality drops often. It does not work well for me.",negative
"Frustrating phone for daily use. But call quality is clear, performance feels laggy. Not worth the price.",negative
"Great experience so far. Although the phone overheats during use, the software feels polished. A dependable phone overall.",positive
"Excellent value for money; the software feels polished, and charging is fast and consistent. I am happy with this purchase.",positive
"Excellent value for money; performance is smooth with many apps, and the display is bright and vibrant. A dependable phone overall.",positive
"Excellent value for money; the software feels polished, and performance is smooth with many apps. It works very well for me.",positive
"I would not recommend this device; the phone overheats during use, and the display looks dull. It does not work well for me.",negative
"I would not recommend this device; performance feels laggy, and the camera quality is weak indoors. I would not buy it again.",negative
"I would not recommend this device; performance feels laggy, and the battery drains quickly. I would not buy it again.",negative
"This phone exceeded my expectations; the phone stays cool during use, and the camera captures sharp photos. I would buy it again.",positive
"I am disappointed with this phone. Although charging is fast and consistent, the display looks dull. An unreliable phone overall.",negative
"This phone did not meet expectations. But the software feels polished, the display looks dull. An unreliable phone overall.",negative
"Poor value for money; the camera quality is weak indoors, and charging is very slow. I would not buy it again.",negative
"Great experience so far; the battery lasts all day, and performance is smooth with many apps. I would buy it again.",positive
"Poor value for money. But charging is fast and consistent, the camera quality is weak indoors. An unreliable phone overall.",negative
"I would not recommend this device. Although the battery lasts all day, performance feels laggy. I am unhappy with this purchase.",negative
"Bad experience so far. Although performance is smooth with many apps, call quality drops often. Not worth the price.",negative
"I highly recommend this device; the software feels polished, and the battery lasts all day. I would buy it again.",positive
"I would not recommend this device; call quality drops often, and charging is very slow. It does not work well for me.",negative
"Bad experience so far; call quality drops often, and the camera quality is weak indoors. An unreliable phone overall.",negative
"This phone did not meet expectations. Even though performance is smooth with many apps, the display looks dull. I am unhappy with this purchase.",negative
"I am very happy with this phone. Even though the software has frequent bugs, call quality is clear. Worth the price.",positive
"Bad experience so far. But call quality is clear, the display looks dull. An unreliable phone overall.",negative
"I would not recommend this device; performance feels laggy, and charging is very slow. An unreliable phone overall.",negative
"Frustrating phone for daily use; call quality drops often, and charging is very slow. I would not buy it again.",negative
"I am very happy with this phone; call quality is clear, and the battery lasts all day. I am happy with this purchase.",positive
"Overall I am satisfied with this phone; the display is bright and vibrant, and the phone stays cool during use. It works very well for me.",positive
"Overall I am satisfied with this phone. Although call quality drops often, the display is bright and vibrant. I would buy it again.",positive
"Excellent value for money; the software feels polished, and call quality is clear. It works very well for me.",positive
"Overall I regret buying this phone; the display looks dull, and performance feels laggy. I would not buy it again.",negative
"Overall I am satisfied with this phone; the camera captures sharp photos, and the software feels polished. I am happy with this purchase.",positive
"This phone exceeded my expectations; the camera captures sharp photos, and the battery lasts all day. A dependable phone overall.",positive
"I am disappointed with this phone. Although the phone stays cool during use, the battery drains quickly. An unreliable phone overall.",negative
"Fantastic phone for daily use. But the camera quality is weak indoors, charging is fast and consistent. A dependable phone overall.",positive
"Poor value for money; the display looks dull, and performance feels laggy. I would not buy it again.",negative
"Fantastic phone for daily use. Even though the phone overheats during use, the battery lasts all day. I am happy with this purchase.",positive
"Great experience so far; the phone stays cool during use, and charging is fast and consistent. It works very well for me.",positive
"Overall I am satisfied with this phone. Although performance feels laggy, the battery lasts all day. A dependable phone overall.",positive
"I am very happy with this phone; call quality is clear, and the camera captures sharp photos. A dependable phone overall.",positive
"Great experience so far. Even though the display looks dull, the phone stays cool during use. I would buy it again.",positive
"Bad experience so far; the battery drains quickly, and the display looks dull. I am unhappy with this purchase.",negative
"I would not recommend this device. Even though the display is bright and vibrant, the display looks dull. Not worth the price.",negative
"Excellent value for money. But the display looks dull, performance is smooth with many apps. It works very well for me.",positive
"Frustrating phone for daily use. Even though the display is bright and vibrant, performance feels laggy. Not worth the price.",negative
"Frustrating phone for daily use; the display looks dull, and the software has frequent bugs. It does not work well for me.",negative
"I am disappointed with this phone; the phone overheats during use, and charging is very slow. I am unhappy with this purchase.",negative
"Poor value for money. But call quality is clear, the battery drains quickly. I am unhappy with this purchase.",negative
"Overall I am satisfied with this phone. Although the software has frequent bugs, performance is smooth with many apps. It works very well for me.",positive
"This phone exceeded my expectations. But the display looks dull, the display is bright and vibrant. Worth the price.",positive
"Overall I regret buying this phone; call quality drops often, and the phone overheats during use. I would not buy it again.",negative
"Frustrating phone for daily use. But the battery lasts all day, call quality drops often. An unreliable phone overall.",negative
"This phone exceeded my expectations. Even though the display looks dull, call quality is clear. I am happy with this purchase.",positive
"I am very happy with this phone. But the software has frequent bugs, the phone stays cool during use. A dependable phone overall.",positive
"Poor value for money; the software has frequent bugs, and the camera quality is weak indoors. I would not buy it again.",negative
"Poor value for money; the phone overheats during use, and the software has frequent bugs. An unreliable phone overall.",negative
"Excellent value for money. But the display looks dull, the battery lasts all day. It works very well for me.",positive
"This phone did not meet expectations. While the display is bright and vibrant, the camera quality is weak indoors. Not worth the price.",negative
"I highly recommend this device. While call quality drops often, the battery lasts all day. A dependable phone overall.",positive
"Fantastic phone for daily use. Even though the display looks dull, the display is bright and vibrant. Worth the price.",positive
"This phone exceeded my expectations; the camera captures sharp photos, and the software feels polished. I am happy with this purchase.",positive
"I highly recommend this device. But call quality drops often, the camera captures sharp photos. Worth the price.",positive
"I am disappointed with this phone; performance feels laggy, and call quality drops often. An unreliable phone overall.",negative
"Excellent value for money; the phone stays cool during use, and the display is bright and vibrant. It works very well for me.",positive
"I am disappointed with this phone; charging is very slow, and call quality drops often. I am unhappy with this purchase.",negative
"I am very happy with this phone. While the display looks dull, performance is smooth with many apps. Worth the price.",positive
"This phone exceeded my expectations; the phone stays cool during use, and the display is bright and vibrant. Worth the price.",positive
"I am disappointed with this phone. While performance is smooth with many apps, the phone overheats during use. I would not buy it again.",negative
"Excellent value for money. Even though the camera quality is weak indoors, the battery lasts all day. It works very well for me.",positive
"Overall I regret buying this phone. But the display is bright and vibrant, performance feels laggy. I would not buy it again.",negative
"Overall I am satisfied with this phone; charging is fast and consistent, and call quality is clear. It works very well for me.",positive
"Bad experience so far; the battery drains quickly, and the phone overheats during use. Not worth the price.",negative
"Overall I regret buying this phone; performance feels laggy, and the software has frequent bugs. I would not buy it again.",negative
"Excellent value for money; the battery lasts all day, and the display is bright and vibrant. It works very well for me.",positive
"I highly recommend this device. Even though the display looks dull, the battery lasts all day. I am happy with this purchase.",positive
"This phone did not meet expectations. Although performance is smooth with many apps, the battery drains quickly. I would not buy it again.",negative
"I would not recommend this device. While charging is fast and consistent, performance feels laggy. I am unhappy with this purchase.",negative
"Poor value for money; the camera quality is weak indoors, and call quality drops often. It does not work well for me.",negative
"Fantastic phone for daily use. Although the phone overheats during use, the software feels polished. A dependable phone overall.",positive
"Overall I regret buying this phone; call quality drops often, and the battery drains quickly. Not worth the price.",negative
"Bad experience so far. While the display is bright and vibrant, the software has frequent bugs. Not worth the price.",negative
"Great experience so far; the display is bright and vibrant, and performance is smooth with many apps. I am happy with this purchase.",positive
"Poor value for money. While performance is smooth with many apps, the software has frequent bugs. An unreliable phone overall.",negative
"Overall I regret buying this phone. While the phone stays cool during use, the battery drains quickly. Not worth the price.",negative
"This phone exceeded my expectations; the battery lasts all day, and performance is smooth with many apps. It works very well for me.",positive
"Poor value for money; the software has frequent bugs, and the phone overheats during use. I am unhappy with this purchase.",negative
"Poor value for money; call quality drops often, and the phone overheats during use. Not worth the price.",negative
"This phone did not meet expectations; performance feels laggy, and call quality drops often. I am unhappy with this purchase.",negative
"Excellent value for money. While call quality drops often, call quality is clear. I would buy it again.",positive
"Poor value for money. Although performance is smooth with many apps, the phone overheats during use. I would not buy it again.",negative
"This phone did not meet expectations; the camera quality is weak indoors, and call quality drops often. I would not buy it again.",negative
"Great experience so far. Although performance feels laggy, the phone stays cool during use. A dependable phone overall.",positive
"This phone did not meet expectations. But charging is fast and consistent, call quality drops often. It does not work well for me.",negative
"I am very happy with this phone; the software feels polished, and the battery lasts all day. It works very well for me.",positive
"Great experience so far; the display is bright and vibrant, and the software feels polished. It works very well for me.",positive
"Bad experience so far. Although the camera captures sharp photos, the phone overheats during use. I would not buy it again.",negative
"I highly recommend this device. Although the battery drains quickly, the phone stays cool during use. I would buy it again.",positive
"Fantastic phone for daily use. While performance feels laggy, the phone stays cool during use. Worth the price.",positive
"Bad experience so far; the battery drains quickly, and the camera quality is weak indoors. I would not buy it again.",negative
"I would not recommend this device; performance feels laggy, and the phone overheats during use. I would not buy it again.",negative
"I highly recommend this device; call quality is clear, and the battery lasts all day. I am happy with this purchase.",positive
"I highly recommend this device; call quality is clear, and the battery lasts all day. Worth the price.",positive
"Poor value for money; charging is very slow, and performance feels laggy. It does not work well for me.",negative
"Bad experience so far. But the software feels polished, the display looks dull. Not worth the price.",negative
"I highly recommend this device; performance is smooth with many apps, and charging is fast and consistent. A dependable phone overall.",positive
"Great experience so far; performance is smooth with many apps, and the camera captures sharp photos. I would buy it again.",positive
"I am disappointed with this phone. While performance is smooth with many apps, charging is very slow. An unreliable phone overall.",negative
"Fantastic phone for daily use; the camera captures sharp photos, and performance is smooth with many apps. I am happy with this purchase.",positive
"Great experience so far; the display is bright and vibrant, and the software feels polished. It works very well for me.",positive
"I highly recommend this device; the battery lasts all day, and performance is smooth with many apps. It works very well for me.",positive
"Great experience so far. While the display looks dull, charging is fast and consistent. It works very well for me.",positive
"I am disappointed with this phone; the display looks dull, and the camera quality is weak indoors. I would not buy it again.",negative
"I am disappointed with this phone; call quality drops often, and the display looks dull. I am unhappy with this purchase.",negative
"This phone did not meet expectations. While performance is smooth with many apps, the display looks dull. An unreliable phone overall.",negative
"Overall I am satisfied with this phone; the camera captures sharp photos, and call quality is clear. Worth the price.",positive
"This phone did not meet expectations; charging is very slow, and performance feels laggy. I would not buy it again.",negative
"Frustrating phone for daily use; charging is very slow, and the display looks dull. An unreliable phone overall.",negative
"Great experience so far; the phone stays cool during use, and the battery lasts all day. It works very well for me.",positive
"This phone exceeded my expectations; charging is fast and consistent, and the software feels polished. A dependable phone overall.",positive
"Fantastic phone for daily use. But performance feels laggy, the camera captures sharp photos. Worth the price.",positive
"Excellent value for money; the phone stays cool during use, and the camera captures sharp photos. I am happy with this purchase.",positive
"This phone exceeded my expectations; performance is smooth with many apps, and the software feels polished. I would buy it again.",positive
"I am disappointed with this phone; the phone overheats during use, and the battery drains quickly. It does not work well for me.",negative
"This phone did not meet expectations. But charging is fast and consistent, the display looks dull. Not worth the price.",negative
"Bad experience so far; the battery drains quickly, and the software has frequent bugs. Not worth the price.",negative
"I would not recommend this device. While the software feels polished, charging is very slow. Not worth the price.",negative
"I highly recommend this device. But call quality drops often, call quality is clear. I am happy with this purchase.",positive
"Great experience so far. Even though call quality drops often, charging is fast and consistent. Worth the price.",positive
"I would not recommend this device; the camera quality is weak indoors, and call quality drops often. It does not work well for me.",negative
"Overall I regret buying this phone. But call quality is clear, the display looks dull. An unreliable phone overall.",negative
"Excellent value for money. But call quality drops often, the display is bright and vibrant. I would buy it again.",positive
"Frustrating phone for daily use; charging is very slow, and the battery drains quickly. An unreliable phone overall.",negative
"This phone exceeded my expectations; performance is smooth with many apps, and the display is bright and vibrant. I am happy with this purchase.",positive
"Frustrating phone for daily use; charging is very slow, and the camera quality is weak indoors. I am unhappy with this purchase.",negative
"Frustrating phone for daily use. Although performance is smooth with many apps, the battery drains quickly. It does not work well for me.",negative
"This phone did not meet expectations. But performance is smooth with many apps, charging is very slow. Not worth the price.",negative
"I highly recommend this device; the phone stays cool during use, and the battery lasts all day. I would buy it again.",positive
"Great experience so far; call quality is clear, and the phone stays cool during use. I am happy with this purchase.",positive
"I highly recommend this device. Even though the battery drains quickly, call quality is clear. I am happy with this purchase.",positive
"Fantastic phone for daily use; the phone stays cool during use, and charging is fast and consistent. A dependable phone overall.",positive
"Fantastic phone for daily use. Although the software has frequent bugs, the software feels polished. I am happy with this purchase.",positive
"This phone exceeded my expectations. Even though the phone overheats during use, the display is bright and vibrant. A dependable phone overall.",positive
"I highly recommend this device; the camera captures sharp photos, and call quality is clear. A dependable phone overall.",positive
"Overall I am satisfied with this phone; the phone stays cool during use, and the display is bright and vibrant. A dependable phone overall.",positive
"Frustrating phone for daily use; the software has frequent bugs, and the display looks dull. Not worth the price.",negative
"I am disappointed with this phone. Even though the display is bright and vibrant, the camera quality is weak indoors. I am unhappy with this purchase.",negative
"I am disappointed with this phone; the display looks dull, and call quality drops often. It does not work well for me.",negative
"This phone exceeded my expectations; charging is fast and consistent, and the phone stays cool during use. Worth the price.",positive
"I am disappointed with this phone; the battery drains quickly, and the phone overheats during use. It does not work well for me.",negative
"Fantastic phone for daily use. While the phone overheats during use, the phone stays cool during use. A dependable phone overall.",positive
"This phone did not meet expectations; the camera quality is weak indoors, and performance feels laggy. I would not buy it again.",negative
"This phone exceeded my expectations. Even though the software has frequent bugs, the phone stays cool during use. I would buy it again.",positive
"I highly recommend this device; the display is bright and vibrant, and the camera captures sharp photos. I would buy it again.",positive
"I highly recommend this device. While performance feels laggy, the display is bright and vibrant. Worth the price.",positive
"Overall I regret buying this phone; call quality drops often, and the camera quality is weak indoors. An unreliable phone overall.",negative
"Great experience so far; the software feels polished, and the display is bright and vibrant. I am happy with this purchase.",positive
"Great experience so far. While the camera quality is weak indoors, charging is fast and consistent. Worth the price.",positive
"Great experience so far; the display is bright and vibrant, and charging is fast and consistent. I am happy with this purchase.",positive
"I am disappointed with this phone; charging is very slow, and the battery drains quickly. I would not buy it again.",negative
"Overall I regret buying this phone. Even though the camera captures sharp photos, the display looks dull. An unreliable phone overall.",negative
"I am very happy with this phone; the battery lasts all day, and the phone stays cool during use. Worth the price.",positive
"I would not recommend this device; charging is very slow, and the phone overheats during use. I would not buy it again.",negative
"This phone did not meet expectations; the software has frequent bugs, and the display looks dull. Not worth the price.",negative
"This phone exceeded my expectations; the display is bright and vibrant, and charging is fast and consistent. I would buy it again.",positive
"Excellent value for money. Even though the software has frequent bugs, call quality is clear. I would buy it again.",positive
"Fantastic phone for daily use. While the display looks dull, the battery lasts all day. I would buy it again.",positive
"Bad experience so far; call quality drops often, and the display looks dull. I would not buy it again.",negative
"I highly recommend this device; call quality is clear, and the display is bright and vibrant. I would buy it again.",positive
"This phone did not meet expectations; the battery drains quickly, and the display looks dull. An unreliable phone overall.",negative
"I am disappointed with this phone; the battery drains quickly, and the display looks dull. I am unhappy with this purchase.",negative
"I am very happy with this phone; call quality is clear, and the camera captures sharp photos. It works very well for me.",positive
"This phone did not meet expectations; charging is very slow, and performance feels laggy. Not worth the price.",negative
"Frustrating phone for daily use; performance feels laggy, and the phone overheats during use. I would not buy it again.",negative
"Fantastic phone for daily use; the display is bright and vibrant, and performance is smooth with many apps. I would buy it again.",positive
"Frustrating phone for daily use. Although the software feels polished, the software has frequent bugs. It does not work well for me.",negative
"Poor value for money; the battery drains quickly, and the phone overheats during use. It does not work well for me.",negative
"I would not recommend this device; the display looks dull, and performance feels laggy. Not worth the price.",negative
"This phone did not meet expectations; the display looks dull, and charging is very slow. I would not buy it again.",negative
"I highly recommend this device; call quality is clear, and the camera captures sharp photos. A dependable phone overall.",positive
"Frustrating phone for daily use; the software has frequent bugs, and the battery drains quickly. I would not buy it again.",negative
"Overall I regret buying this phone. While the phone stays cool during use, the phone overheats during use. Not worth the price.",negative
"Overall I am satisfied with this phone. Even though charging is very slow, the battery lasts all day. It works very well for me.",positive
"Great experience so far; performance is smooth with many apps, and call quality is clear. A dependable phone overall.",positive
"Fantastic phone for daily use; the camera captures sharp photos, and the software feels polished. I would buy it again.",positive
"Poor value for money; the display looks dull, and charging is very slow. It does not work well for me.",negative
"Fantastic phone for daily use; the software feels polished, and the battery lasts all day. I am happy with this purchase.",positive
"This phone exceeded my expectations. Even though charging is very slow, performance is smooth with many apps. A dependable phone overall.",positive
"Overall I am satisfied with this phone; the display is bright and vibrant, and the software feels polished. It works very well for me.",positive
"I highly recommend this device. Although performance feels laggy, call quality is clear. It works very well for me.",positive
"Excellent value for money; the phone stays cool during use, and the display is bright and vibrant. A dependable phone overall.",positive
"Poor value for money; performance feels laggy, and the software has frequent bugs. Not worth the price.",negative
"Bad experience so far. Even though charging is fast and consistent, performance feels laggy. It does not work well for me.",negative
"I am disappointed with this phone. But call quality is clear, call quality drops often. An unreliable phone overall.",negative
"I highly recommend this device; the battery lasts all day, and charging is fast and consistent. I would buy it again.",positive
"Overall I am satisfied with this phone; the software feels polished, and the display is bright and vibrant. I would buy it again.",positive
"I would not recommend this device. While charging is fast and consistent, the phone overheats during use. It does not work well for me.",negative
"Bad experience so far; the camera quality is weak indoors, and the software has frequent bugs. Not worth the price.",negative
"I would not recommend this device. While the camera captures sharp photos, charging is very slow. It does not work well for me.",negative
"I am disappointed with this phone; the camera quality is weak indoors, and charging is very slow. I would not buy it again.",negative
"Frustrating phone for daily use. Even though the software feels polished, the battery drains quickly. An unreliable phone overall.",negative
"Fantastic phone for daily use; the display is bright and vibrant, and performance is smooth with many apps. I would buy it again.",positive
